Product ID : 99 # of JPs covered : 1 : 108 : Intellectual Property, 
OID,Confidence at Map Node,Error at Map Node
us_000542064,1.000000, 0.000000
us_000500082,1.000000, 0.000000
us_000562339,1.000000, 0.001302
us_000516803,1.000000, 0.003123
