Job Practice, Group (Category), Probability Segment of training data mapped to node possessing orders in specified JP Group  : 47 | Lawyering Skills (jpg:47,idx:41)
Catgory Probability,Ex Count at BMU,BMU Map Loc
0.6102941,1.0,(18|39)
0.3962264,1.0,(17|39)
0.02439024,1.0,(19|14)
0.007352941,1.0,(22|44)
0.006849315,1.0,(37|41)
0.006289308,1.0,(7|39)
0.005988024,1.0,(23|9)
0.003773585,1.0,(21|20)
0.003571429,1.0,(28|48)
0.002500000,1.0,(23|47)
0.002053388,1.0,(28|6)
