Job Practice, Probability (Class), Segment of training data mapped to node possessing orders in specified JP  : 373 | Energy-Fracking (jp:373,idx:137)
Class Probability,Ex Count at BMU,BMU Map Loc
0.4230769,22.0,(10|15)
0.2664233,73.0,(11|15)
0.1250000,2.0,(12|15)
0.1176471,4.0,(9|15)
0.1176471,4.0,(11|14)
0.02127660,1.0,(14|31)
0.01923077,1.0,(17|17)
0.004184100,1.0,(13|4)
0.003424658,2.0,(8|20)
0.003401360,1.0,(13|3)
0.003401360,1.0,(20|12)
0.002421308,1.0,(22|3)
0.002257336,1.0,(8|14)
