Job Practice, Probability (Class), Segment of training data mapped to node possessing orders in specified JP  : 289 | Employ Associates (jp:289,idx:96)
Class Probability,Ex Count at BMU,BMU Map Loc
0.2647059,27.0,(1|8)
0.01807229,9.0,(30|23)
0.01234568,1.0,(9|5)
0.007936508,1.0,(47|7)
0.006756757,1.0,(13|22)
0.004484305,1.0,(31|5)
0.003558719,1.0,(12|11)
0.003401360,1.0,(13|3)
0.003236246,1.0,(14|4)
0.002680965,1.0,(8|3)
0.002421308,1.0,(15|48)
0.001745201,1.0,(30|14)
