Job Practice, Probability (Class), Segment of training data mapped to node possessing orders in specified JP  : 315 | Enrolled Agents-Ethics-Programs (jp:315,idx:108)
Class Probability,Ex Count at BMU,BMU Map Loc
0.7056530,362.0,(24|46)
0.02912621,3.0,(39|33)
0.02631579,4.0,(7|21)
0.02380952,2.0,(2|23)
0.01379310,2.0,(42|11)
0.01250000,2.0,(0|28)
0.01190476,1.0,(49|26)
0.009433962,2.0,(48|28)
0.008196721,1.0,(39|34)
0.007042253,1.0,(43|31)
0.006172840,1.0,(42|28)
0.005208333,1.0,(4|22)
