Job Practice, Probability (Class), Segment of training data mapped to node possessing orders in specified JP  : 238 | Corp Finance Litigation (jp:238,idx:59)
Class Probability,Ex Count at BMU,BMU Map Loc
0.02558854,25.0,(28|46)
0.02352941,2.0,(1|43)
0.01923077,2.0,(45|5)
0.01162791,2.0,(1|41)
0.007462686,1.0,(24|8)
0.005780347,1.0,(0|41)
0.004854369,2.0,(39|45)
0.004098360,1.0,(20|9)
0.002369668,1.0,(36|1)
0.002309469,1.0,(40|45)
