Job Practice, Probability (Class), Segment of training data mapped to node possessing orders in specified JP  : 145 | White Collar Crime (jp:145,idx:31)
Class Probability,Ex Count at BMU,BMU Map Loc
0.02173913,1.0,(25|5)
0.01176471,1.0,(30|45)
0.008849557,2.0,(15|44)
0.008188331,8.0,(28|46)
0.007407407,2.0,(27|2)
0.007281553,3.0,(39|45)
0.006896552,1.0,(0|38)
0.006024096,1.0,(19|44)
0.005025126,1.0,(16|42)
0.002659574,1.0,(10|0)
0.002538071,1.0,(30|2)
0.002309469,1.0,(40|45)
