Job Practice, Probability (Class), Segment of training data mapped to node possessing orders in specified JP  : 235 | Copyrights Litigation (jp:235,idx:56)
Class Probability,Ex Count at BMU,BMU Map Loc
0.05434782,5.0,(28|4)
0.03684210,7.0,(22|8)
0.03211009,7.0,(30|6)
0.01739130,2.0,(26|9)
0.01030928,2.0,(1|44)
0.006993007,1.0,(27|5)
0.002427184,1.0,(39|45)
0.002309469,1.0,(31|44)
0.002309469,1.0,(40|45)
0.002288329,1.0,(30|12)
0.002237136,1.0,(30|5)
