Product ID : 2135 JPs covered : 76 : Copyrights, 
OID,Confidence at Map Node,Error at Map Node
us_000542064,1.000000, 0.000000
us_000500082,1.000000, 0.000000
us_000562339,1.000000, 0.001302
us_000516803,1.000000, 0.003123
us_000487510,0.014056, 0.372995
us_000402635,0.014056, 0.841334
